{
  "coefs": {
    "intercept": -10.324985771976371,
    "coefs": {
      "attention": 0.32488943647638785,
      "memory": 0.38489972502392367,
      "fluency": 0.66493990884806564,
      "language": 0.81222925944990088,
      "visuospatial": 0.27262320144200186
    }
  },
  "vcov": [
    [1.1198148056383341, -0.046671578890233538, -0.029050628130672468, -0.031542252551085587, -0.1190583591997873, -0.029332239835712218],
    [-0.046671578890233538, 0.01990916962066307, -0.0018505615413595914, -0.0003122597422042938, 0.0013568544291487523, -0.0042274630275036191],
    [-0.029050628130672468, -0.0018505615413595914, 0.0051743515623118045, 0.00037707762389274115, -0.00022260422596921369, -9.3271607770528548e-05],
    [-0.031542252551085587, -0.0003122597422042938, 0.00037707762389274115, 0.010118577556215019, -0.00084253511744511553, -0.0019587136699196254],
    [-0.1190583591997873, 0.0013568544291487523, -0.00022260422596921369, -0.00084253511744511553, 0.025285453489057252, -0.00045303533243386105],
    [-0.029332239835712218, -0.0042274630275036191, -9.3271607770528548e-05, -0.0019587136699196254, -0.00045303533243386105, 0.02528815793412658]
  ],
  "means": {
    "attention": 13.74361088211047,
    "memory": 16.783003300330034,
    "fluency": 6.9199009083402148,
    "language": 20.028854080791426,
    "visuospatial": 13.136850783182194
  }
}
