{
  "control_means": {
    "attention": 17.352678571428573,
    "memory": 24.830357142857142,
    "fluency": 12.348214285714286,
    "language": 25.46875,
    "visuospatial": 15.589285714285714,
    "total": 95.589285714285708
  },
  "control_sds": {
    "attention": 0.96377991100052207,
    "memory": 1.5026935030982451,
    "fluency": 1.5105596707505928,
    "language": 0.80853421602016096,
    "visuospatial": 0.74030137395476014,
    "total": 3.3228481257620257
  },
  "dementia_means": {
    "attention": 12.848341232227494,
    "memory": 14.72274881516587,
    "fluency": 5.5699052132701397,
    "language": 18.592417061611357,
    "visuospatial": 12.516587677725122,
    "total": 64.25
  },
  "dementia_sds": {
    "attention": 4.1852970457874328,
    "memory": 6.7522785770366767,
    "fluency": 3.5176011574968413,
    "language": 6.0041298034397235,
    "visuospatial": 3.5081277890403473,
    "total": 19.271557847622454
  },
  "specificity_100": {
    "attention": 12.5,
    "memory": 16.5,
    "fluency": 7.5,
    "language": 20.5,
    "visuospatial": 11.5,
    "total": 83.5
  }
}
