{
  "coefs": {
    "intercept": -10.005545737961713,
    "coefs": {
      "total": 0.50173921859379189
    }
  },
  "means": {
    "total": 70.823033707865136
  }
}
