{
  "coefs": {
    "intercept": -47.4088699927874,
    "coefs": {
      "total": 0.52193652586342
    }
  },
  "means": {
    "total": 70.82303371
  }
}